,f_t,f_v,f_u
0,1597821925.216926,6.96751418585908e-13,0.0
1,1597821925.237016,5.699554804418724e-13,0.0
2,1597821925.276971,6.356329940685686e-13,0.0
3,1597821925.316897,6.604264979357922e-13,0.0
4,1597821925.336876,6.915332231149458e-13,0.0
5,1597821925.376842,7.49185558100382e-13,0.0
6,1597821925.41684,7.986227876395307e-13,0.0
7,1597821925.436883,8.03049825868841e-13,0.0
8,1597821925.476856,9.138993060787447e-13,0.0
9,1597821925.516951,8.879909936464559e-13,0.0
10,1597821925.536987,9.406599213519375e-13,0.0
11,1597821925.576904,1.0650228943908686e-12,0.0
12,1597821925.616798,1.132394242698006e-12,0.0
13,1597821925.636897,1.1438002898311596e-12,0.0
14,1597821925.676748,1.354294052482815e-12,0.0
15,1597821925.716677,1.5524486416773125e-12,0.0
16,1597821925.736812,1.6663292999740345e-12,0.0
17,1597821925.776664,1.6993187410250988e-12,0.0
18,1597821925.816776,1.6243986064614992e-12,0.0
19,1597821925.836785,1.6343675742475777e-12,0.0
20,1597821925.87686,1.5885261807972284e-12,0.0
21,1597821925.91667,1.5012806258190154e-12,0.0
22,1597821925.936649,1.5062470241695188e-12,0.0
23,1597821925.976692,1.5799802362575667e-12,0.0
24,1597821926.016602,1.7120564815898164e-12,0.0
25,1597821926.036646,1.783988274438905e-12,0.0
26,1597821926.076588,1.9527720084705802e-12,0.0
27,1597821926.116595,2.0297933138319323e-12,0.0
28,1597821926.136653,2.0643352498309693e-12,0.0
29,1597821926.176606,2.253495396583613e-12,0.0
30,1597821926.21656,2.456503020183682e-12,0.0
31,1597821926.23655,2.3437797421839407e-12,0.0
32,1597821926.276468,2.2621771674157473e-12,0.0
33,1597821926.316437,2.1570936342788853e-12,0.0
34,1597821926.336495,2.2410702009770667e-12,0.0
35,1597821926.37646,2.446287058428557e-12,0.0
36,1597821926.416471,2.4692390524103437e-12,0.0
37,1597821926.436358,2.469378586025483e-12,0.0
38,1597821926.476428,2.6847664444572235e-12,0.0
39,1597821926.516433,2.8315234324655457e-12,0.0
40,1597821926.536392,2.829578739597436e-12,0.0
41,1597821926.576438,3.0335346646280124e-12,0.0
42,1597821926.616474,3.37674484289855e-12,0.0
43,1597821926.636367,3.5046815926578234e-12,0.0
44,1597821926.676159,3.835712834022911e-12,0.0
45,1597821926.716312,4.203863972821002e-12,0.0
46,1597821926.736328,4.048501575769628e-12,0.0
47,1597821926.776256,4.2540323996432416e-12,0.0
48,1597821926.816218,4.4121670847754126e-12,0.0
49,1597821926.836219,4.212821753901807e-12,0.0
50,1597821926.876298,4.702064391124434e-12,0.0
51,1597821926.916323,4.741919389560893e-12,0.0
52,1597821926.936235,4.7849485551396186e-12,0.0
53,1597821926.97615,5.082110944613744e-12,0.0
54,1597821927.016171,5.0404052521469966e-12,0.0
55,1597821927.036125,4.9410665937613914e-12,0.0
56,1597821927.076144,5.035493154718953e-12,0.0
57,1597821927.116239,5.335199509831675e-12,0.0
58,1597821927.136165,5.226588831534363e-12,0.0
59,1597821927.176188,5.584401536336457e-12,0.0
60,1597821927.216178,5.625509867178433e-12,0.0
61,1597821927.236161,5.460481579730066e-12,0.0
62,1597821927.276154,5.842717798061835e-12,0.0
63,1597821927.316211,6.124869617115058e-12,0.0
64,1597821927.336177,5.998579353587432e-12,0.0
65,1597821927.375977,6.1751860042425235e-12,0.0
66,1597821927.41599,7.51336570550044e-06,0.15000000596046448
67,1597821927.435995,0.004391880748345808,0.15000000596046448
68,1597821927.476059,0.0040662252819013,0.15000000596046448
69,1597821927.515955,0.00376097645725309,0.15000000596046448
70,1597821927.535938,0.003439155596570052,0.15000000596046448
71,1597821927.575923,0.003167889982682596,0.15000000596046448
72,1597821927.615933,0.0029156275259386013,0.15000000596046448
73,1597821927.635893,0.0023999610626370287,0.15000000596046448
74,1597821927.675902,0.0022428984952893014,0.15000000596046448
75,1597821927.715879,0.0020936785297070415,0.15000000596046448
76,1597821927.735933,0.0019345897198804363,0.15000000596046448
77,1597821927.77601,0.0017983393004052885,0.15000000596046448
78,1597821927.815938,0.0016696675747648686,0.15000000596046448
79,1597821927.835962,0.0015357370382560827,0.15000000596046448
80,1597821927.875801,0.00484479695996388,0.15000000596046448
81,1597821927.91578,0.00457300447512505,0.15000000596046448
82,1597821927.935704,0.00427326696707487,0.15000000596046448
83,1597821927.975747,0.004017456239962695,0.15000000596046448
84,1597821928.015796,0.003772666577556072,0.15000000596046448
85,1597821928.035879,0.0029192417267118764,0.15000000596046448
86,1597821928.075766,0.002767497711402872,0.15000000596046448
87,1597821928.115816,0.002620350804554077,0.15000000596046448
88,1597821928.135832,0.0024603166272776198,0.15000000596046448
89,1597821928.175738,0.0023201111016979653,0.15000000596046448
90,1597821928.215586,0.0021848683035165864,0.15000000596046448
91,1597821928.235622,0.0029094461098836963,0.15000000596046448
92,1597821928.275637,0.0027832517264607024,0.15000000596046448
93,1597821928.315629,0.002659651660248489,0.15000000596046448
94,1597821928.335687,0.002517867507296662,0.15000000596046448
95,1597821928.376405,0.0023980785986589983,0.15000000596046448
96,1597821928.415698,0.002280280082812594,0.15000000596046448
97,1597821928.435756,0.0021498625098322678,0.15000000596046448
98,1597821928.475603,0.007150780763701655,0.15000000596046448
99,1597821928.515534,0.006901629578691554,0.15000000596046448
100,1597821928.535567,0.006590941178739349,0.15000000596046448
101,1597821928.57553,0.0063404707806181005,0.15000000596046448
102,1597821928.615503,0.006094065344896146,0.15000000596046448
103,1597821928.635563,0.004836815277209701,0.15000000596046448
104,1597821928.675553,0.004683809373385551,0.15000000596046448
105,1597821928.715542,0.004531379073803965,0.15000000596046448
106,1597821928.735383,0.0043408551258945095,0.15000000596046448
107,1597821928.77536,0.004186279342908889,0.15000000596046448
108,1597821928.815479,0.004033651885197461,0.15000000596046448
109,1597821928.835467,0.012448012850113559,0.15000000596046448
110,1597821928.875409,0.012105113479361253,0.15000000596046448
111,1597821928.915458,0.011761480218771153,0.15000000596046448
112,1597821928.935432,0.011318088032667886,0.15000000596046448
113,1597821928.975479,0.010963706705154792,0.15000000596046448
114,1597821929.015567,0.010610822105167967,0.15000000596046448
115,1597821929.035439,0.02856941081750844,0.15000000596046448
116,1597821929.075246,0.027873417647142292,0.15000000596046448
117,1597821929.115336,0.027173375809452352,0.15000000596046448
118,1597821929.135302,0.02624690322970144,0.15000000596046448
119,1597821929.175206,0.025512797627739954,0.15000000596046448
120,1597821929.215339,0.024778934844854657,0.15000000596046448
121,1597821929.23531,0.02385411640333048,0.15000000596046448
122,1597821929.275266,0.05739058282813333,0.15000000596046448
123,1597821929.315257,0.056167343308778546,0.15000000596046448
124,1597821929.335163,0.0544817999690001,0.15000000596046448
125,1597821929.375304,0.053180404659539486,0.15000000596046448
126,1597821929.415176,0.05185910056820299,0.15000000596046448
127,1597821929.435206,0.04064706890258793,0.15000000596046448
128,1597821929.475128,0.03981345618460721,0.15000000596046448
129,1597821929.515181,0.03896428002960345,0.15000000596046448
130,1597821929.535122,0.037839208671205084,0.15000000596046448
131,1597821929.575217,0.03693651997903525,0.15000000596046448
132,1597821929.61505,0.036019653597915556,0.15000000596046448
133,1597821929.63501,0.08487923080344557,0.15000000596046448
134,1597821929.675049,0.08345537302544567,0.15000000596046448
135,1597821929.715104,0.08198899121535771,0.15000000596046448
136,1597821929.735068,0.07989219050012718,0.15000000596046448
137,1597821929.77509,0.07829645920435246,0.15000000596046448
138,1597821929.815005,0.07666537852659462,0.15000000596046448
139,1597821929.835043,0.0744916828748637,0.15000000596046448
140,1597821929.874914,0.15699072298558586,0.15000000596046448
141,1597821929.914879,0.15476858911869915,0.15000000596046448
142,1597821929.934916,0.15133131807422098,0.15000000596046448
143,1597821929.974938,0.14885180381337074,0.15000000596046448
144,1597821930.015072,0.14630305266172622,0.15000000596046448
145,1597821930.034984,0.11481836047523439,0.15000000596046448
146,1597821930.074982,0.11318932434510691,0.15000000596046448
147,1597821930.115089,0.11150079550567682,0.15000000596046448
148,1597821930.135035,0.10906529650921734,0.15000000596046448
149,1597821930.174672,0.1071881951208834,0.15000000596046448
150,1597821930.214762,0.10527338356559784,0.15000000596046448
151,1597821930.23475,0.3585702177709126,0.15000000596046448
152,1597821930.274802,0.3550316262502137,0.15000000596046448
153,1597821930.314768,0.35126816198506117,0.15000000596046448
154,1597821930.33465,0.3447165446468515,0.15000000596046448
155,1597821930.374948,0.3403955734835778,0.15000000596046448
156,1597821930.414679,0.33581793623067036,0.15000000596046448
157,1597821930.434648,0.4428055762085954,0.15000000596046448
158,1597821930.474598,0.4389083077801325,0.15000000596046448
159,1597821930.514625,0.43476117446210955,0.15000000596046448
160,1597821930.53463,0.4273249483119163,0.15000000596046448
161,1597821930.574609,0.42244794383628936,0.15000000596046448
162,1597821930.614637,0.4173408933685532,0.15000000596046448
163,1597821930.634611,0.7204635403445531,0.15000000596046448
164,1597821930.674788,0.7154630173112126,0.15000000596046448
165,1597821930.714585,0.7099369581717021,0.15000000596046448
166,1597821930.734508,0.6990227346910232,0.15000000596046448
167,1597821930.774573,0.6923943109347986,0.15000000596046448
168,1597821930.814569,0.6853542687919523,0.15000000596046448
169,1597821930.834544,0.7333601938549066,0.15000000596046448
170,1597821930.874462,0.728468033291226,0.15000000596046448
171,1597821930.914394,0.7231568785393938,0.15000000596046448
172,1597821930.934469,0.7127771250032288,0.15000000596046448
173,1597821930.974381,0.7063254540910674,0.15000000596046448
174,1597821931.014404,0.6995023483728722,0.15000000596046448
175,1597821931.034434,0.9406644722698541,0.15000000596046448
176,1597821931.074384,0.9355321151217558,0.15000000596046448
177,1597821931.114418,0.9298915760511733,0.15000000596046448
178,1597821931.134412,0.9177487910959985,0.15000000596046448
179,1597821931.174425,0.9106739818713021,0.15000000596046448
180,1597821931.214343,0.9030675667600111,0.15000000596046448
181,1597821931.234319,0.8894983751637379,0.15000000596046448
182,1597821931.274284,0.865938821814325,0.15000000596046448
183,1597821931.3142,0.8608884178268951,0.15000000596046448
184,1597821931.334212,0.8504969569469863,0.15000000596046448
185,1597821931.374269,0.8442431275460491,0.15000000596046448
186,1597821931.414176,0.8375016784708352,0.15000000596046448
187,1597821931.43412,0.6587285757274793,0.15000000596046448
188,1597821931.474183,0.6538916867345358,0.15000000596046448
189,1597821931.514105,0.6487020061138072,0.15000000596046448
190,1597821931.534125,0.6404363897055103,0.15000000596046448
191,1597821931.574116,0.6344092950440289,0.15000000596046448
192,1597821931.614124,0.6280652946653508,0.15000000596046448
193,1597821931.634123,0.47968930565288154,0.15000000596046448
194,1597821931.674212,0.4748156797254479,0.15000000596046448
195,1597821931.714182,0.469713533447823,0.15000000596046448
196,1597821931.734155,0.4633161496457734,0.15000000596046448
197,1597821931.773995,0.4576709025618862,0.15000000596046448
198,1597821931.814016,0.45182305033180375,0.15000000596046448
199,1597821931.834054,0.4448917128764649,0.15000000596046448
200,1597821931.873948,0.522728402301608,0.15000000596046448
201,1597821931.913917,0.5181602650957903,0.15000000596046448
202,1597821931.934075,0.5119893765452287,0.15000000596046448
203,1597821931.974038,0.5068340771915646,0.15000000596046448
204,1597821932.013994,0.501447321948111,0.15000000596046448
205,1597821932.033918,0.5701069117304628,0.15000000596046448
206,1597821932.073833,0.5655937449431294,0.15000000596046448
207,1597821932.113947,0.5608414730312622,0.15000000596046448
208,1597821932.133887,0.5542196570254001,0.15000000596046448
209,1597821932.173945,0.5488320186783551,0.15000000596046448
210,1597821932.213942,0.5431919672414257,0.15000000596046448
211,1597821932.233905,0.6059600030457849,0.15000000596046448
212,1597821932.273951,0.6020341678422567,0.15000000596046448
213,1597821932.31369,0.5978198349757106,0.15000000596046448
214,1597821932.333701,0.5916144174854545,0.15000000596046448
215,1597821932.37368,0.5867746754226639,0.15000000596046448
216,1597821932.413744,0.5816838757089441,0.15000000596046448
217,1597821932.433808,0.6442810560009876,0.15000000596046448
218,1597821932.47375,0.6407017838693373,0.15000000596046448
219,1597821932.513737,0.6368582321920991,0.15000000596046448
220,1597821932.533641,0.6308203424902209,0.15000000596046448
221,1597821932.573774,0.6263211666179637,0.15000000596046448
222,1597821932.613762,0.6215412919876426,0.15000000596046448
223,1597821932.633748,0.6147899288303484,0.15000000596046448
224,1597821932.673711,0.6541639303651036,0.15000000596046448
225,1597821932.713654,0.6506787460333849,0.15000000596046448
226,1597821932.733624,0.6450670837176989,0.15000000596046448
227,1597821932.773635,0.640939349321277,0.15000000596046448
228,1597821932.813646,0.6365495099080422,0.15000000596046448
229,1597821932.833662,0.682386463023552,0.15000000596046448
230,1597821932.873621,0.6792304164794958,0.15000000596046448
231,1597821932.913657,0.6758173357990005,0.15000000596046448
232,1597821932.933448,0.6702049919455985,0.15000000596046448
233,1597821932.973502,0.6661395909652487,0.15000000596046448
234,1597821933.013458,0.6618003098595556,0.15000000596046448
235,1597821933.033477,0.6821292520710839,0.15000000596046448
236,1597821933.073495,0.6790429294873239,0.15000000596046448
237,1597821933.113341,0.6756895239397648,0.15000000596046448
238,1597821933.13344,0.6703562337975769,0.15000000596046448
239,1597821933.173398,0.6663838860881942,0.15000000596046448
240,1597821933.213376,0.6621637951073179,0.15000000596046448
241,1597821933.234494,0.6562137755864678,0.15000000596046448
242,1597821933.273423,0.6794243443189683,0.15000000596046448
243,1597821933.313361,0.6763299226687189,0.15000000596046448
244,1597821933.33348,0.6714004018586491,0.15000000596046448
245,1597821933.373371,0.6677129268365182,0.15000000596046448
246,1597821933.41325,0.6637833053715584,0.15000000596046448
247,1597821933.433453,0.5217142747924997,0.15000000596046448
248,1597821933.473201,0.5175380016429246,0.15000000596046448
249,1597821933.513231,0.5131973090649312,0.15000000596046448
250,1597821933.533224,0.5085343586983969,0.15000000596046448
251,1597821933.573232,0.5037975908584181,0.15000000596046448
252,1597821933.6132,0.49889260981584227,0.15000000596046448
253,1597821933.63324,0.564064673211283,0.15000000596046448
254,1597821933.673154,0.5604268303303842,0.15000000596046448
255,1597821933.713594,0.5566243549886407,0.15000000596046448
256,1597821933.733146,0.552139142337156,0.15000000596046448
257,1597821933.77317,0.5479013044665182,0.15000000596046448
258,1597821933.813131,0.5434826926682725,0.15000000596046448
259,1597821933.833154,0.5855450224039763,0.15000000596046448
260,1597821933.873117,0.5822384765589482,0.15000000596046448
261,1597821933.913137,0.5787557871813969,0.15000000596046448
262,1597821933.933051,0.5744758323411197,0.15000000596046448
263,1597821933.97305,0.5705629990595923,0.15000000596046448
264,1597821934.013148,0.5664706327231601,0.15000000596046448
265,1597821934.032979,0.561706611094552,0.15000000596046448
266,1597821934.072993,0.7702493328552344,0.15000000596046448
267,1597821934.11303,0.7686378190873542,0.15000000596046448
268,1597821934.132996,0.7646897846438679,0.15000000596046448
269,1597821934.172953,0.7624813731299225,0.15000000596046448
270,1597821934.212999,0.7600453719066811,0.15000000596046448
271,1597821934.232904,0.7656204337118642,0.15000000596046448
272,1597821934.272892,0.7639737555756099,0.15000000596046448
273,1597821934.312883,0.7621031679711732,0.15000000596046448
274,1597821934.33288,0.7581412373501131,0.15000000596046448
275,1597821934.372861,0.7557121528365864,0.15000000596046448
276,1597821934.41287,0.7530538782685218,0.15000000596046448
277,1597821934.432955,0.9069546456854253,0.15000000596046448
278,1597821934.472993,0.9066165218565753,0.15000000596046448
279,1597821934.512971,0.9060092884040416,0.15000000596046448
280,1597821934.532883,0.9022640277367051,0.15000000596046448
281,1597821934.57276,0.9009871387704486,0.15000000596046448
282,1597821934.612783,0.8994598064592809,0.15000000596046448
283,1597821934.632722,0.8949579784970169,0.15000000596046448
284,1597821934.672737,0.8293766136157362,0.15000000596046448
285,1597821934.712715,0.8279959806626944,0.15000000596046448
286,1597821934.732737,0.8243947158777314,0.15000000596046448
287,1597821934.772689,0.8224587781113625,0.15000000596046448
288,1597821934.81262,0.8202899344788933,0.15000000596046448
289,1597821934.832635,0.6453943190885911,0.15000000596046448
290,1597821934.872614,0.642116611143462,0.15000000596046448
291,1597821934.912606,0.6386792917100954,0.15000000596046448
292,1597821934.932552,0.6347731870540055,0.15000000596046448
293,1597821934.972784,0.6309545836449014,0.15000000596046448
294,1597821935.01335,0.6269730529649883,0.15000000596046448
295,1597821935.032652,0.6313836898686395,0.15000000596046448
296,1597821935.072605,0.6280881103943873,0.15000000596046448
297,1597821935.112485,0.6246427465096376,0.15000000596046448
298,1597821935.13242,0.6208821461813506,0.15000000596046448
299,1597821935.172541,0.6170806820161734,0.15000000596046448
300,1597821935.212562,0.6131237590219815,0.15000000596046448
301,1597821935.234173,0.6162114932457808,0.15000000596046448
302,1597821935.272475,0.6128746612370948,0.15000000596046448
303,1597821935.312565,0.6094044649702504,0.15000000596046448
304,1597821935.332559,0.605768968061177,0.15000000596046448
305,1597821935.372349,0.6019652491186012,0.15000000596046448
306,1597821935.412365,0.5980167718104366,0.15000000596046448
307,1597821935.45242,0.5938822389046123,0.15000000596046448
308,1597821935.472408,0.4268832081741675,0.15000000596046448
309,1597821935.512413,0.42167167201811656,0.15000000596046448
310,1597821935.552441,0.41635637400959374,0.15000000596046448
311,1597821935.572412,0.41248023528645045,0.15000000596046448
312,1597821935.61241,0.40700062267117115,0.15000000596046448
313,1597821935.652287,0.48197933324288345,0.15000000596046448
314,1597821935.672453,0.47857707879694805,0.15000000596046448
315,1597821935.712334,0.4741809436256132,0.15000000596046448
316,1597821935.752215,0.4696644190926907,0.15000000596046448
317,1597821935.772199,0.46601950151745297,0.15000000596046448
318,1597821935.812274,0.4612960072879918,0.15000000596046448
319,1597821935.852256,0.6355798298302789,0.15000000596046448
320,1597821935.872281,0.6328630619924985,0.15000000596046448
321,1597821935.912212,0.6304295140116636,0.15000000596046448
322,1597821935.95214,0.6278247386283979,0.15000000596046448
323,1597821935.972088,0.6247418364306728,0.15000000596046448
324,1597821936.012123,0.6218571922431292,0.15000000596046448
325,1597821936.052089,0.6187943414808204,0.15000000596046448
326,1597821936.072125,0.5912306590828118,0.15000000596046448
327,1597821936.111997,0.5885280061530033,0.15000000596046448
328,1597821936.152135,0.5856787809032747,0.15000000596046448
329,1597821936.172131,0.5827370263921483,0.15000000596046448
330,1597821936.212193,0.5796454380730515,0.15000000596046448
331,1597821936.251997,0.6072397008308089,0.15000000596046448
332,1597821936.272038,0.6046451514451312,0.15000000596046448
333,1597821936.312011,0.6020841111408461,0.15000000596046448
334,1597821936.352018,0.5993735195547986,0.15000000596046448
335,1597821936.372034,0.5964591166592629,0.15000000596046448
336,1597821936.412043,0.5935013520687972,0.15000000596046448
337,1597821936.452042,0.603199962157438,0.15000000596046448
338,1597821936.472053,0.6006887318346589,0.15000000596046448
339,1597821936.512079,0.5981690254995808,0.15000000596046448
340,1597821936.551916,0.5955056226125788,0.15000000596046448
341,1597821936.571943,0.5926886993268906,0.15000000596046448
342,1597821936.611916,0.5897892720048652,0.15000000596046448
343,1597821936.651906,0.583038922896684,0.15000000596046448
344,1597821936.671916,0.580544808295792,0.15000000596046448
345,1597821936.711866,0.5778767721505276,0.15000000596046448
346,1597821936.751984,0.5750756319354231,0.15000000596046448
347,1597821936.771919,0.5722997434416252,0.15000000596046448
348,1597821936.811907,0.569280803850702,0.15000000596046448
349,1597821936.831832,0.43359005864708244,0.15000000596046448
350,1597821936.871792,0.4292722278640323,0.15000000596046448
351,1597821936.911682,0.42489364974799515,0.15000000596046448
352,1597821936.9517,0.42042304601863417,0.15000000596046448
353,1597821936.971805,0.41722084880236043,0.15000000596046448
354,1597821937.011792,0.41259927920851963,0.15000000596046448
355,1597821937.051912,0.4513893417384456,0.15000000596046448
356,1597821937.071685,0.44864499714275496,0.15000000596046448
357,1597821937.111721,0.4447722628505403,0.15000000596046448
358,1597821937.151675,0.4408338504575584,0.15000000596046448
359,1597821937.171655,0.43789599698129106,0.15000000596046448
360,1597821937.21164,0.4337963295446408,0.15000000596046448
361,1597821937.251644,0.42962327297449737,0.15000000596046448
362,1597821937.271651,0.4437148553918552,0.15000000596046448
363,1597821937.311636,0.4400904103960932,0.15000000596046448
364,1597821937.351662,0.4363984248377924,0.15000000596046448
365,1597821937.371631,0.4336747727324995,0.15000000596046448
366,1597821937.411692,0.42983060261121775,0.15000000596046448
367,1597821937.451546,0.4259295060090657,0.15000000596046448
368,1597821937.471563,0.4642098914825257,0.15000000596046448
369,1597821937.511533,0.4610774807062336,0.15000000596046448
370,1597821937.551539,0.45787636980514124,0.15000000596046448
371,1597821937.57147,0.4553898862257941,0.15000000596046448
372,1597821937.611544,0.4520290049809008,0.15000000596046448
373,1597821937.651539,0.36144375453790134,0.15000000596046448
374,1597821937.671389,0.3586821217898711,0.15000000596046448
375,1597821937.711401,0.3543051999201949,0.15000000596046448
376,1597821937.751413,0.3498799410187179,0.15000000596046448
377,1597821937.771512,0.34697879241456914,0.15000000596046448
378,1597821937.811469,0.3424532224929009,0.15000000596046448
379,1597821937.851434,0.523171225807051,0.15000000596046448
380,1597821937.871455,0.5213630213178846,0.15000000596046448
381,1597821937.911459,0.519361746763633,0.15000000596046448
382,1597821937.951531,0.5172842321733353,0.15000000596046448
383,1597821937.971424,0.5152694433671029,0.15000000596046448
384,1597821938.011404,0.5130112956808552,0.15000000596046448
385,1597821938.05125,0.5106748925732105,0.15000000596046448
386,1597821938.071381,0.5030254662910714,0.15000000596046448
387,1597821938.111293,0.5009474846916361,0.15000000596046448
388,1597821938.151285,0.4988009440271277,0.15000000596046448
389,1597821938.171232,0.49686289307354553,0.15000000596046448
390,1597821938.211294,0.49455280793865447,0.15000000596046448
391,1597821938.251305,0.684809371738484,0.15000000596046448
392,1597821938.271286,0.6839959985027046,0.15000000596046448
393,1597821938.311329,0.684324750344816,0.15000000596046448
394,1597821938.351251,0.6845485309740779,0.15000000596046448
395,1597821938.371198,0.6834552497978992,0.15000000596046448
396,1597821938.411231,0.6834425734049552,0.15000000596046448
397,1597821938.451147,0.523991991357859,0.15000000596046448
398,1597821938.471231,0.5223078563691207,0.15000000596046448
399,1597821938.511101,0.5203864854450515,0.15000000596046448
400,1597821938.551243,0.5183943859996781,0.15000000596046448
401,1597821938.571188,0.5165235989588979,0.15000000596046448
402,1597821938.61119,0.5143686516624952,0.15000000596046448
403,1597821938.650977,0.5288199739534922,0.15000000596046448
404,1597821938.671058,0.5272304411785734,0.15000000596046448
405,1597821938.711151,0.5254561267028499,0.15000000596046448
406,1597821938.751108,0.5236156893531069,0.15000000596046448
407,1597821938.771093,0.5218421292248068,0.15000000596046448
408,1597821938.811067,0.5198405904016207,0.15000000596046448
409,1597821938.851075,0.5177681472672141,0.15000000596046448
410,1597821938.87106,0.517155686748854,0.15000000596046448
411,1597821938.910972,0.5153856637454475,0.15000000596046448
412,1597821938.950946,0.5135538871659123,0.15000000596046448
413,1597821938.971085,0.5118659253816839,0.15000000596046448
414,1597821939.010968,0.5098874321548403,0.15000000596046448
415,1597821939.050987,0.7152281457942106,0.15000000596046448
416,1597821939.071042,0.7148147477144842,0.15000000596046448
417,1597821939.110976,0.71573401651775,0.15000000596046448
418,1597821939.150972,0.7165678786530354,0.15000000596046448
419,1597821939.170974,0.7158927838896174,0.15000000596046448
420,1597821939.211057,0.7165067833170353,0.15000000596046448
421,1597821939.250859,0.7033767787199439,0.15000000596046448
422,1597821939.270872,0.7028393040486399,0.15000000596046448
423,1597821939.310788,0.7034274860654889,0.15000000596046448
424,1597821939.350786,0.7039357428560035,0.15000000596046448
425,1597821939.370887,0.7031604454236424,0.15000000596046448
426,1597821939.41083,0.7034526863998546,0.15000000596046448
427,1597821939.450747,0.7036523078449566,0.15000000596046448
428,1597821939.47084,0.6525507209730259,0.15000000596046448
429,1597821939.510801,0.6523950645909337,0.15000000596046448
430,1597821939.55073,0.6521658434927228,0.15000000596046448
431,1597821939.570712,0.6511684089217565,0.15000000596046448
432,1597821939.610797,0.6507638382961874,0.15000000596046448
433,1597821939.650705,0.6728171622186202,0.15000000596046448
434,1597821939.670707,0.6720575680924596,0.15000000596046448
435,1597821939.710711,0.6720299912666209,0.15000000596046448
436,1597821939.750735,0.6719278551741031,0.15000000596046448
437,1597821939.770808,0.6709569414724746,0.15000000596046448
438,1597821939.810686,0.6706621185340518,0.15000000596046448
439,1597821939.850571,0.6689177962922763,0.15000000596046448
440,1597821939.87056,0.6681212030780611,0.15000000596046448
441,1597821939.910717,0.6679678204533174,0.15000000596046448
442,1597821939.950621,0.6677330320757572,0.15000000596046448
443,1597821939.970582,0.666730299109034,0.15000000596046448
444,1597821940.010637,0.6663215193635832,0.15000000596046448
445,1597821940.050539,0.5095770943915804,0.15000000596046448
446,1597821940.07042,0.5078255284936752,0.15000000596046448
447,1597821940.110482,0.505374128684252,0.15000000596046448
448,1597821940.150491,0.5028740126024059,0.15000000596046448
449,1597821940.17068,0.5009753593878103,0.15000000596046448
450,1597821940.210463,0.498363421805704,0.15000000596046448
451,1597821940.250515,0.4956892376018882,0.15000000596046448
452,1597821940.270477,0.5122443370401717,0.15000000596046448
453,1597821940.310495,0.510053990091921,0.15000000596046448
454,1597821940.350601,0.5078133978348228,0.15000000596046448
455,1597821940.370358,0.5061023509600739,0.15000000596046448
456,1597821940.410485,0.5037468718230365,0.15000000596046448
457,1597821940.450336,0.5570587135184982,0.15000000596046448
458,1597821940.470288,0.5557668067673667,0.15000000596046448
459,1597821940.510311,0.5542652466512255,0.15000000596046448
460,1597821940.550333,0.5527105273282882,0.15000000596046448
461,1597821940.570485,0.5512693383330358,0.15000000596046448
462,1597821940.610369,0.5495871086158083,0.15000000596046448
463,1597821940.650237,0.5892215581946114,0.15000000596046448
464,1597821940.671408,0.5881850676448159,0.15000000596046448
465,1597821940.710165,0.587197818732599,0.15000000596046448
466,1597821940.750168,0.5861631138391821,0.15000000596046448
467,1597821940.770111,0.5849646257612897,0.15000000596046448
468,1597821940.810217,0.5837954377077897,0.15000000596046448
469,1597821940.850253,0.5825669937000062,0.15000000596046448
470,1597821940.870259,0.7330996786303458,0.15000000596046448
471,1597821940.910229,0.7342717926651455,0.15000000596046448
472,1597821940.950133,0.7353729733414475,0.15000000596046448
473,1597821940.970055,0.7351299313786123,0.15000000596046448
474,1597821941.010093,0.7360710101687542,0.15000000596046448
475,1597821941.050113,0.9198114999379923,0.15000000596046448
476,1597821941.070081,0.9208203440828759,0.15000000596046448
477,1597821941.110128,0.9244649523715898,0.15000000596046448
478,1597821941.14997,0.9279950236653944,0.15000000596046448
479,1597821941.169987,0.9287561339293391,0.15000000596046448
480,1597821941.210041,0.9320922465485764,0.15000000596046448
481,1597821941.249936,0.8753417464223209,0.15000000596046448
482,1597821941.269938,0.8759007677618565,0.15000000596046448
483,1597821941.309991,0.8785114965399519,0.15000000596046448
484,1597821941.350799,0.8811222817007456,0.15000000596046448
485,1597821941.369925,0.8813570233916356,0.15000000596046448
486,1597821941.410041,0.88369282957081,0.15000000596046448
487,1597821941.450051,0.9936459368282553,0.15000000596046448
488,1597821941.470106,0.9948431422642043,0.15000000596046448
489,1597821941.509866,0.998821809665553,0.15000000596046448
490,1597821941.549847,1.002744482519786,0.15000000596046448
491,1597821941.569926,1.0036857747596792,0.15000000596046448
492,1597821941.609823,1.007369146904832,0.15000000596046448
493,1597821941.649899,1.0109819233695956,0.15000000596046448
494,1597821941.669843,1.0463558985066772,0.15000000596046448
495,1597821941.710002,1.0508119482212033,0.15000000596046448
496,1597821941.749823,1.0551284041083564,0.15000000596046448
497,1597821941.769858,1.056300116250047,0.15000000596046448
498,1597821941.809698,1.060394929608255,0.15000000596046448
499,1597821941.849691,1.0325662791270729,0.15000000596046448
500,1597821941.869764,1.0336273578199586,0.15000000596046448
501,1597821941.909744,1.037325392056116,0.15000000596046448
502,1597821941.949763,1.040942251541345,0.15000000596046448
503,1597821941.969751,1.0417390234089874,0.15000000596046448
504,1597821942.009807,1.0451392982595853,0.15000000596046448
505,1597821942.049683,0.947588917522169,0.15000000596046448
506,1597821942.069697,0.9479090317388396,0.15000000596046448
507,1597821942.109574,0.9499610339058501,0.15000000596046448
508,1597821942.149594,0.9519504197191693,0.15000000596046448
509,1597821942.169587,0.9520497310619105,0.15000000596046448
510,1597821942.209737,0.9538591155272105,0.15000000596046448
511,1597821942.249653,0.8991218979473335,0.15000000596046448
512,1597821942.269727,0.8990192930188878,0.15000000596046448
513,1597821942.309678,0.9001155528981194,0.15000000596046448
514,1597821942.349606,0.901141292588336,0.15000000596046448
515,1597821942.369511,0.9008298245063109,0.15000000596046448
516,1597821942.409484,0.9016855113961748,0.15000000596046448
517,1597821942.449701,0.9024814699442474,0.15000000596046448
518,1597821942.46953,0.8072973542603641,0.15000000596046448
519,1597821942.509462,0.8069385933780867,0.15000000596046448
520,1597821942.549509,0.8065254517243935,0.15000000596046448
521,1597821942.569551,0.8056397178860827,0.15000000596046448
522,1597821942.609533,0.8050838470874256,0.15000000596046448
523,1597821942.649591,0.8015590127682138,0.15000000596046448
524,1597821942.669317,0.8007254173771516,0.15000000596046448
525,1597821942.709625,0.8001798801161571,0.15000000596046448
526,1597821942.749458,0.799569419967783,0.15000000596046448
527,1597821942.769366,0.7985784110014289,0.15000000596046448
528,1597821942.809325,0.7978300982796069,0.15000000596046448
529,1597821942.849327,0.7688723545845225,0.15000000596046448
530,1597821942.869261,0.7678286636504211,0.15000000596046448
531,1597821942.909333,0.7667739051918757,0.15000000596046448
532,1597821942.949355,0.7656664932501819,0.15000000596046448
533,1597821942.969361,0.7644750140657542,0.15000000596046448
534,1597821943.009268,0.7632386476054239,0.15000000596046448
535,1597821943.049223,0.7433304303766131,0.15000000596046448
536,1597821943.069391,0.7421391980299912,0.15000000596046448
537,1597821943.10928,0.7407305912856258,0.15000000596046448
538,1597821943.149299,0.7392717642905142,0.15000000596046448
539,1597821943.169355,0.7379437168961505,0.15000000596046448
540,1597821943.209304,0.7363656444187031,0.15000000596046448
541,1597821943.249137,0.7347361794580142,0.15000000596046448
542,1597821943.269154,0.5300445220278154,0.15000000596046448
543,1597821943.309125,0.5255698943721535,0.15000000596046448
544,1597821943.349154,0.5210595416423054,0.15000000596046448
545,1597821943.369152,0.5184172742804685,0.15000000596046448
546,1597821943.409151,0.5138402971357036,0.15000000596046448
547,1597821943.449157,0.695449089919443,0.15000000596046448
548,1597821943.46913,0.6941283364346659,0.15000000596046448
549,1597821943.508992,0.6923718382129956,0.15000000596046448
550,1597821943.549046,0.6905674141408642,0.15000000596046448
551,1597821943.568979,0.6891250087499584,0.15000000596046448
552,1597821943.609072,0.6872129194794808,0.15000000596046448
553,1597821943.64903,0.7115265791256224,0.15000000596046448
554,1597821943.669046,0.7103988372647202,0.15000000596046448
555,1597821943.709106,0.7089989700838703,0.15000000596046448
556,1597821943.749047,0.707557326275352,0.15000000596046448
557,1597821943.769099,0.706307849844766,0.15000000596046448
558,1597821943.808983,0.7047614580243865,0.15000000596046448
559,1597821943.848967,0.7031675906692859,0.15000000596046448
560,1597821943.869152,0.6584683595410733,0.15000000596046448
561,1597821943.908882,0.656396222129518,0.15000000596046448
562,1597821943.948966,0.6542758389516691,0.15000000596046448
563,1597821943.968844,0.6527687237670657,0.15000000596046448
564,1597821944.00888,0.6505598634693536,0.15000000596046448
565,1597821944.048926,0.5232166238249919,0.15000000596046448
566,1597821944.069019,0.5208754090964429,0.15000000596046448
567,1597821944.108765,0.516829762620573,0.15000000596046448
568,1597821944.148823,0.5127295172293771,0.15000000596046448
569,1597821944.16895,0.5103109937933157,0.15000000596046448
570,1597821944.208883,0.5061570334513271,0.15000000596046448
571,1597821944.248842,0.5335245767987487,0.15000000596046448
572,1597821944.2688,0.5314204455756399,0.15000000596046448
573,1597821944.308813,0.5277988518376504,0.15000000596046448
574,1597821944.348796,0.5241511880941703,0.15000000596046448
575,1597821944.368794,0.5219682890273101,0.15000000596046448
576,1597821944.408789,0.5182538877200666,0.15000000596046448
577,1597821944.448869,0.7168954670968755,0.0
578,1597821944.468775,0.7162118207186837,0.0
579,1597821944.50869,0.7156172190515101,0.0
580,1597821944.548677,0.7149831615935751,0.0
581,1597821944.568691,0.7141874011014037,0.0
582,1597821944.608732,0.7134551195563962,0.0
583,1597821944.648818,0.7126799533956079,0.0
584,1597821944.668612,0.6683701828736024,0.0
585,1597821944.708674,0.6670869814352366,0.0
586,1597821944.74872,0.6657694348186809,0.0
587,1597821944.768551,0.6646995428353079,0.0
588,1597821944.808681,0.6632960446726643,0.0
589,1597821944.848563,0.6919300672802499,0.0
590,1597821944.868659,0.691118908475881,0.0
591,1597821944.90869,0.690205785314009,0.0
592,1597821944.948611,0.6892564783234212,0.0
593,1597821944.968646,0.6883425494797702,0.0
594,1597821945.00863,0.6873034229092823,0.0
595,1597821945.048664,0.6802565429261151,0.0
596,1597821945.068647,0.6793929722894227,0.0
597,1597821945.108646,0.6783441760735758,0.0
598,1597821945.148497,0.6772620542953992,0.0
599,1597821945.168401,0.6763016298541005,0.0
600,1597821945.208438,0.6751332419904972,0.0
601,1597821945.248499,0.6739274026334751,0.0
602,1597821945.268479,0.6456884446220573,0.0
603,1597821945.308502,0.6442060003429689,0.0
604,1597821945.348485,0.6426940130157649,0.0
605,1597821945.368457,0.6415690366066276,0.0
606,1597821945.408388,0.6399834811627748,0.0
607,1597821945.448432,0.6276014074781177,0.0
608,1597821945.468309,0.6264436746951055,0.0
609,1597821945.508305,0.6247161362438157,0.0
610,1597821945.548269,0.6229596297489133,0.0
611,1597821945.568347,0.6217129940850651,0.0
612,1597821945.608354,0.6198826487929391,0.0
613,1597821945.648279,0.47143588115279833,0.0
614,1597821945.668395,0.4692034050306022,0.0
615,1597821945.708348,0.46520110782774715,0.0
616,1597821945.74823,0.46118499244035555,0.0
617,1597821945.768252,0.4589073203061726,0.0
618,1597821945.808272,0.4548328526502844,0.0
619,1597821945.848247,0.4772150810257124,0.0
620,1597821945.868248,0.4751895759763717,0.0
621,1597821945.908265,0.47156830862746796,0.0
622,1597821945.948178,0.46793508360715746,0.0
623,1597821945.96825,0.4658498374119221,0.0
624,1597821946.008149,0.4621709757469569,0.0
625,1597821946.048166,0.45846138634626804,0.0
626,1597821946.068111,0.45234630240717333,0.0
627,1597821946.108072,0.4486762884859584,0.0
628,1597821946.14816,0.44497840304419334,0.0
629,1597821946.168179,0.4429016540365636,0.0
630,1597821946.208137,0.43917335417489345,0.0
631,1597821946.248161,0.5896368553231427,0.0
632,1597821946.268197,0.5887233853481129,0.0
633,1597821946.308181,0.5874033191746854,0.0
634,1597821946.347889,0.586063327166526,0.0
635,1597821946.367926,0.585078259918054,0.0
636,1597821946.407996,0.5836691076849775,0.0
637,1597821946.447991,0.5134542449506084,0.0
638,1597821946.467995,0.5120322805717962,0.0
639,1597821946.507987,0.5096212805434236,0.0
640,1597821946.548046,0.5071864098312786,0.0
641,1597821946.567825,0.5057178489627129,0.0
642,1597821946.607885,0.5032332374966163,0.0
643,1597821946.647974,0.5007251237265764,0.0
644,1597821946.667896,0.3599750121566592,0.0
645,1597821946.707835,0.3554248108440503,0.0
646,1597821946.747814,0.35085895652016236,0.0
647,1597821946.767901,0.3483976438376809,0.0
648,1597821946.807906,0.34380322204451125,0.0
649,1597821946.850664,0.4385299284788209,0.0
650,1597821946.867938,0.4370088415765145,0.0
651,1597821946.907724,0.433970033948927,0.0
652,1597821946.947939,0.43088567139511463,0.0
653,1597821946.967663,0.4291570018845927,0.0
654,1597821947.007733,0.4260430381867947,0.0
655,1597821947.047826,0.4583617368171301,0.0
656,1597821947.067727,0.456951105493245,0.0
657,1597821947.107702,0.4544822976401804,0.0
658,1597821947.147712,0.45199627386423036,0.0
659,1597821947.167797,0.4505308499181398,0.0
660,1597821947.207687,0.4480128136181378,0.0
661,1597821947.247651,0.4765828401664918,0.0
662,1597821947.267645,0.475388556981895,0.0
663,1597821947.307732,0.4733615782048958,0.0
664,1597821947.347694,0.4713228911515683,0.0
665,1597821947.367781,0.4700764089226626,0.0
666,1597821947.407728,0.4679969183551685,0.0
667,1597821947.447795,0.465894434313031,0.0
668,1597821947.467888,0.37781339011486026,0.0
669,1597821947.507752,0.37443173069431784,0.0
670,1597821947.547576,0.37104095844304547,0.0
671,1597821947.567772,0.3691607200540757,0.0
672,1597821947.607648,0.3657374924541231,0.0
673,1597821947.647946,0.3699251731162498,0.0
674,1597821947.66762,0.368174169788586,0.0
675,1597821947.707513,0.36490246991507275,0.0
676,1597821947.747534,0.3616099169627483,0.0
677,1597821947.767503,0.3598053492010775,0.0
678,1597821947.807612,0.3564794047922199,0.0
679,1597821947.847375,0.26782748362072445,0.0
680,1597821947.867451,0.2654204316302122,0.0
681,1597821947.907364,0.26082681305443234,0.0
682,1597821947.947478,0.25620542941149405,0.0
683,1597821947.967378,0.25380177941845655,0.0
684,1597821948.007372,0.24918116215521574,0.0
685,1597821948.047456,0.23257339385708795,0.0
686,1597821948.067384,0.23009586099526194,0.0
687,1597821948.107465,0.22527933959979457,0.0
688,1597821948.147479,0.2204649939790774,0.0
689,1597821948.16747,0.21796685732177318,0.0
690,1597821948.207261,0.21316751337198758,0.0
691,1597821948.247351,0.2296791571076703,0.0
692,1597821948.267443,0.22735957266129703,0.0
693,1597821948.307292,0.2229162118616183,0.0
694,1597821948.347321,0.21844878580272803,0.0
695,1597821948.367239,0.21613536193618113,0.0
696,1597821948.407364,0.21164782282953223,0.0
697,1597821948.44734,0.1992723301578924,0.0
698,1597821948.467229,0.19693389385646135,0.0
699,1597821948.507239,0.1923684136784793,0.0
700,1597821948.547201,0.1878059204599572,0.0
701,1597821948.567276,0.1854393862958053,0.0
702,1597821948.607268,0.1808687558590629,0.0
703,1597821948.647208,0.1825039037100704,0.0
704,1597821948.667329,0.18020823360374055,0.0
705,1597821948.707105,0.175791523572443,0.0
706,1597821948.747292,0.17133033675797352,0.0
707,1597821948.767248,0.16904858957668126,0.0
708,1597821948.807265,0.16460499853961524,0.0
709,1597821948.847287,0.11962565227306984,0.0
710,1597821948.867188,0.1170814572709964,0.0
711,1597821948.907133,0.1120618425212318,0.0
712,1597821948.947154,0.10704160784040985,0.0
713,1597821948.967162,0.10449574491975386,0.0
714,1597821949.007068,0.09950740334829843,0.0
715,1597821949.007068,0.113128016634631,0.0
716,1597821949.017068,0.11185728348142408,0.0
717,1597821949.027068,0.11058627199807756,0.0
718,1597821949.037068,0.10931499584632842,0.0
719,1597821949.0470679,0.10804346906680751,0.0
720,1597821949.0570679,0.10677170590746489,0.0
721,1597821949.0670679,0.105499720912305,0.0
722,1597821949.0770679,0.1299976726674584,0.0
723,1597821949.0870678,0.12882205374665154,0.0
724,1597821949.0970678,0.12764590489171024,0.0
725,1597821949.1070678,0.12646923613634012,0.0
726,1597821949.1170678,0.12529205793839418,0.0
727,1597821949.1270678,0.11765539289300818,0.0
728,1597821949.1370678,0.11645881202977557,0.0
729,1597821949.1470678,0.11526183943276398,0.0
730,1597821949.1570678,0.11406448646545747,0.0
731,1597821949.1670678,0.11286676476189292,0.0
732,1597821949.1770678,0.11166868608414579,0.0
733,1597821949.1870677,0.10199230640500714,0.0
734,1597821949.1970677,0.10076816980845299,0.0
735,1597821949.2070677,0.09954381607825125,0.0
736,1597821949.2170677,0.09831925812245067,0.0
737,1597821949.2270677,0.09709450908335981,0.0
738,1597821949.2370677,0.09586958240283636,0.0
739,1597821949.2470677,0.09464449169639877,0.0
740,1597821949.2570677,0.08513981485256815,0.0
741,1597821949.2670677,0.0838898013171663,0.0
742,1597821949.2770677,0.08263975746482907,0.0
743,1597821949.2870677,0.08138969798156181,0.0
744,1597821949.2970676,0.08013963776890437,0.0
745,1597821949.3070676,0.07345906134214865,0.0
746,1597821949.3170676,0.07219227978175889,0.0
747,1597821949.3270676,0.0709255884283446,0.0
748,1597821949.3370676,0.06965900282108964,0.0
749,1597821949.3470676,0.06839253881050451,0.0
750,1597821949.3570676,0.06712621247203804,0.0
751,1597821949.3670676,0.060551486754882734,0.0
752,1597821949.3770676,0.059269259168429726,0.0
753,1597821949.3870676,0.057987255508578556,0.0
754,1597821949.3970675,0.05670549243996844,0.0
755,1597821949.4070675,0.05542398685376294,0.0
756,1597821949.4170675,0.054142755936120994,0.0
757,1597821949.4270675,0.048531459689178644,0.0
758,1597821949.4370675,0.04723751294543879,0.0
759,1597821949.4470675,0.04594391130349147,0.0
760,1597821949.4570675,0.044650672422669284,0.0
761,1597821949.4670675,0.043357814183524426,0.0
762,1597821949.4770675,0.04206535471197051,0.0
763,1597821949.4870675,0.040773312363684845,0.0
764,1597821949.4970675,0.03581985481633837,0.0
765,1597821949.5070674,0.03451794456176659,0.0
766,1597821949.5170674,0.03321654260634918,0.0
767,1597821949.5270674,0.03191567231698274,0.0
768,1597821949.5370674,0.03061535807441654,0.0
769,1597821949.5470674,0.02694391289602256,0.0
770,1597821949.5570674,0.025636513811315587,0.0
771,1597821949.5670674,0.02432966865299792,0.0
772,1597821949.5770674,0.0230233967309632,0.0
773,1597821949.5870674,0.021717717581393115,0.0
774,1597821949.5970674,0.020412651049472146,0.0
775,1597821949.6070673,0.01724745576580122,0.0
776,1597821949.6170673,0.015937700967259875,0.0
777,1597821949.6270673,0.014628589994663118,0.0
778,1597821949.6370673,0.01332014303887892,0.0
779,1597821949.6470673,0.012012380677254278,0.0
780,1597821949.6570673,0.010705323971973017,0.0
781,1597821949.6670673,0.009398994646434804,0.0
782,1597821949.6770673,0.007156938374365464,0.0
783,1597821949.6870673,0.0058597156765317964,0.0
784,1597821949.6970673,0.004569400339776089,0.0
785,1597821949.7070673,0.00329326796478888,0.0
786,1597821949.7170672,0.0020564615816289645,0.0
787,1597821949.7270672,8.016426117333548e-06,0.0
788,1597821949.7370672,0.0013068581062272969,0.0
789,1597821949.7470672,0.002612392945293887,0.0
790,1597821949.7570672,0.0039171226100662825,0.0
791,1597821949.7670672,0.005221019987345618,0.0
792,1597821949.7770672,0.006524062630412044,0.0
793,1597821949.7870672,0.007696107303968051,0.0
